transaction_id,amount,location,device_new,hour,velocity,account_age_days,is_fraud
TXN0001,509,Chennai,0,14,2,385,False
TXN0002,14717,Chennai,0,20,1,161,False
TXN0003,8379,Salem,0,13,4,551,False
TXN0004,13361,Madurai,0,12,4,796,False
TXN0005,130072,Hyderabad,1,2,6,16,True
TXN0006,141082,Delhi,1,2,14,38,True
TXN0007,8885,Madurai,0,19,1,1230,False
TXN0008,10233,Coimbatore,0,13,1,193,False
TXN0009,1407,Salem,0,10,4,669,False
TXN0010,6077,Madurai,0,18,3,529,False
TXN0011,11299,Salem,0,12,2,434,False
TXN0012,10585,Chennai,0,17,1,569,False
TXN0013,6672,Madurai,0,9,2,1970,False
TXN0014,8279,Coimbatore,1,21,2,642,False
TXN0015,9297,Coimbatore,0,20,4,841,False
TXN0016,2366,Chennai,1,9,1,1863,False
TXN0017,50969,Hyderabad,1,3,14,13,True
TXN0018,7768,Madurai,0,7,1,1496,False
TXN0019,5673,Salem,0,16,4,423,False
TXN0020,124646,Delhi,1,2,13,27,True
TXN0021,4989,Coimbatore,0,11,3,1661,False
TXN0022,12857,Chennai,0,17,4,139,False
TXN0023,14496,Chennai,0,14,1,593,False
TXN0024,93699,Mumbai,1,0,13,21,True
TXN0025,9107,Coimbatore,0,15,4,533,False
TXN0026,6637,Coimbatore,0,21,4,347,False
TXN0027,5639,Chennai,0,14,2,114,False
TXN0028,1064,Madurai,0,9,1,1860,False
TXN0029,61195,Mumbai,1,2,15,67,True
TXN0030,11951,Salem,1,14,4,1753,False
TXN0031,42704,Hyderabad,1,3,10,59,True
TXN0032,12045,Madurai,0,10,1,924,False
TXN0033,1890,Salem,0,13,2,1198,False
TXN0034,54050,Delhi,1,2,12,36,True
TXN0035,14212,Coimbatore,0,8,1,291,False
TXN0036,93653,Delhi,1,3,8,56,True
TXN0037,30282,Bangalore,1,3,9,63,True
TXN0038,12068,Coimbatore,1,11,2,707,False
TXN0039,9589,Salem,0,17,1,202,False
TXN0040,14070,Coimbatore,0,8,1,1843,False
TXN0041,38907,Mumbai,1,1,11,20,True
TXN0042,751,Coimbatore,0,20,3,634,False
TXN0043,5247,Madurai,0,15,4,368,False
TXN0044,12418,Chennai,0,7,4,1372,False
TXN0045,57938,Bangalore,1,4,9,21,True
TXN0046,14505,Salem,0,18,3,423,False
TXN0047,11626,Chennai,0,7,3,1458,False
TXN0048,2300,Coimbatore,0,10,1,1620,False
TXN0049,10009,Madurai,0,17,2,1507,False
TXN0050,4214,Madurai,0,9,4,1798,False
TXN0051,73719,Mumbai,1,1,15,38,True
TXN0052,9138,Coimbatore,1,7,1,254,False
TXN0053,13774,Chennai,0,11,4,361,False
TXN0054,14828,Coimbatore,0,18,2,1496,False
TXN0055,5894,Coimbatore,1,11,2,1870,False
TXN0056,13383,Madurai,0,20,1,467,False
TXN0057,6845,Chennai,0,15,2,1712,False
TXN0058,734,Salem,1,14,2,1772,False
TXN0059,13543,Coimbatore,0,14,1,1451,False
TXN0060,4664,Salem,0,15,3,1413,False
TXN0061,13922,Madurai,0,7,1,1896,False
TXN0062,64795,Hyderabad,1,0,6,81,True
TXN0063,12984,Coimbatore,0,20,1,888,False
TXN0064,11712,Salem,1,7,2,845,False
TXN0065,117062,Delhi,1,2,14,45,True
TXN0066,5020,Madurai,0,20,3,924,False
TXN0067,3243,Madurai,1,19,2,1360,False
TXN0068,13759,Salem,0,16,3,530,False
TXN0069,10039,Coimbatore,0,21,4,1005,False
TXN0070,13104,Madurai,0,9,3,1155,False
TXN0071,128453,Mumbai,1,1,15,44,True
TXN0072,2514,Chennai,0,8,2,1073,False
TXN0073,14618,Coimbatore,0,19,4,918,False
TXN0074,120128,Mumbai,1,0,6,59,True
TXN0075,121214,Mumbai,1,4,12,11,True
TXN0076,2088,Madurai,1,11,4,1467,False
TXN0077,14705,Coimbatore,1,20,4,1937,False
TXN0078,7877,Madurai,1,15,2,1820,False
TXN0079,8640,Chennai,1,14,3,1000,False
TXN0080,3941,Chennai,0,17,3,1928,False
TXN0081,60311,Mumbai,1,3,7,95,True
TXN0082,83424,Hyderabad,1,2,13,64,True
TXN0083,139168,Delhi,1,3,11,79,True
TXN0084,12643,Madurai,1,22,1,820,False
TXN0085,14082,Madurai,1,14,4,549,False
TXN0086,575,Coimbatore,1,17,4,1583,False
TXN0087,2191,Salem,0,19,1,271,False
TXN0088,90515,Hyderabad,1,1,5,38,True
TXN0089,7549,Salem,0,17,4,669,False
TXN0090,1441,Coimbatore,1,7,1,816,False
TXN0091,12899,Chennai,0,7,2,508,False
TXN0092,4008,Coimbatore,0,22,1,1255,False
TXN0093,4298,Coimbatore,0,12,1,1692,False
TXN0094,1871,Coimbatore,0,16,4,912,False
TXN0095,120520,Bangalore,1,1,6,94,True
TXN0096,9937,Salem,0,8,3,1191,False
TXN0097,1229,Salem,0,7,4,1784,False
TXN0098,77472,Mumbai,1,3,7,60,True
TXN0099,10757,Madurai,0,22,4,992,False
TXN0100,4122,Salem,0,15,4,599,False
TXN0101,11047,Madurai,1,17,1,1112,False
TXN0102,57802,Bangalore,1,2,9,48,True
TXN0103,11588,Coimbatore,0,7,2,275,False
TXN0104,8104,Chennai,0,22,4,1017,False
TXN0105,59045,Bangalore,1,3,8,44,True
TXN0106,8798,Salem,0,20,3,820,False
TXN0107,4218,Chennai,0,10,2,746,False
TXN0108,12587,Salem,0,13,2,1612,False
TXN0109,9759,Coimbatore,0,10,2,706,False
TXN0110,5052,Chennai,0,11,3,193,False
TXN0111,11526,Chennai,0,22,1,1887,False
TXN0112,7790,Chennai,1,21,3,477,False
TXN0113,14218,Salem,1,10,1,920,False
TXN0114,112502,Bangalore,1,0,7,24,True
TXN0115,62530,Mumbai,1,0,13,58,True
TXN0116,6332,Salem,1,21,3,1861,False
TXN0117,10274,Coimbatore,0,10,2,1381,False
TXN0118,1430,Chennai,0,14,2,1230,False
TXN0119,83545,Bangalore,1,3,14,65,True
TXN0120,67762,Mumbai,1,2,12,14,True
TXN0121,13007,Coimbatore,0,20,1,1215,False
TXN0122,14983,Coimbatore,0,11,1,222,False
TXN0123,9849,Madurai,0,21,1,1059,False
TXN0124,4560,Chennai,1,21,1,1324,False
TXN0125,12134,Coimbatore,0,15,1,287,False
TXN0126,13796,Coimbatore,0,15,1,1662,False
TXN0127,10774,Salem,1,15,2,1298,False
TXN0128,8156,Madurai,0,22,3,936,False
TXN0129,1813,Salem,0,17,4,1520,False
TXN0130,6661,Madurai,0,21,1,744,False
TXN0131,12757,Chennai,1,7,4,946,False
TXN0132,77419,Hyderabad,1,4,12,85,True
TXN0133,3435,Salem,0,11,3,997,False
TXN0134,112578,Mumbai,1,4,8,95,True
TXN0135,324,Chennai,1,9,2,1823,False
TXN0136,2024,Madurai,0,22,3,1142,False
TXN0137,8005,Coimbatore,1,14,4,1228,False
TXN0138,9920,Salem,0,9,3,1682,False
TXN0139,13005,Madurai,0,7,3,1586,False
TXN0140,9601,Salem,1,11,4,1203,False
TXN0141,9142,Coimbatore,1,21,3,1880,False
TXN0142,4012,Madurai,1,14,4,189,False
TXN0143,11654,Chennai,1,19,2,1114,False
TXN0144,107356,Delhi,1,2,6,61,True
TXN0145,7586,Coimbatore,0,11,4,1883,False
TXN0146,132436,Hyderabad,1,2,10,84,True
TXN0147,14055,Salem,0,19,3,1383,False
TXN0148,688,Chennai,0,14,3,565,False
TXN0149,1712,Madurai,0,21,2,1521,False
TXN0150,853,Madurai,0,8,3,834,False
TXN0151,4100,Chennai,1,12,2,458,False
TXN0152,6367,Salem,0,22,2,575,False
TXN0153,7629,Madurai,0,7,4,1945,False
TXN0154,2688,Madurai,0,21,3,1303,False
TXN0155,7051,Salem,0,21,3,507,False
TXN0156,1847,Madurai,0,19,3,1277,False
TXN0157,4937,Chennai,0,19,3,116,False
TXN0158,12308,Madurai,1,16,2,1343,False
TXN0159,3215,Chennai,0,11,1,1950,False
TXN0160,7322,Madurai,0,18,2,284,False
TXN0161,6907,Madurai,0,13,2,1710,False
TXN0162,4565,Madurai,0,15,4,1751,False
TXN0163,5649,Coimbatore,0,21,1,388,False
TXN0164,11965,Salem,1,18,1,1719,False
TXN0165,100329,Bangalore,1,0,12,52,True
TXN0166,13574,Chennai,0,10,2,1065,False
TXN0167,9298,Salem,0,14,1,1401,False
TXN0168,5051,Chennai,1,10,2,192,False
TXN0169,8171,Coimbatore,0,10,2,1917,False
TXN0170,6178,Chennai,1,11,4,1441,False
TXN0171,10186,Madurai,1,15,1,1513,False
TXN0172,7385,Madurai,0,18,1,1504,False
TXN0173,10664,Coimbatore,0,8,4,665,False
TXN0174,13994,Chennai,1,9,2,1414,False
TXN0175,73713,Mumbai,1,1,7,77,True
TXN0176,130290,Mumbai,1,4,8,80,True
TXN0177,3917,Coimbatore,0,11,1,667,False
TXN0178,8950,Chennai,0,12,1,1453,False
TXN0179,76955,Delhi,1,1,14,46,True
TXN0180,36868,Delhi,1,1,11,72,True
TXN0181,7902,Coimbatore,1,18,1,1025,False
TXN0182,810,Salem,0,21,1,224,False
TXN0183,7084,Chennai,0,22,4,250,False
TXN0184,2530,Madurai,0,11,3,1378,False
TXN0185,9887,Chennai,0,21,4,303,False
TXN0186,10764,Coimbatore,0,20,4,1918,False
TXN0187,13656,Chennai,1,19,4,1594,False
TXN0188,5220,Salem,0,18,2,1506,False
TXN0189,139022,Delhi,1,0,6,60,True
TXN0190,6205,Chennai,0,8,3,1472,False
TXN0191,14413,Madurai,1,8,3,1329,False
TXN0192,9568,Chennai,0,11,4,559,False
TXN0193,9213,Coimbatore,0,10,3,1275,False
TXN0194,13947,Madurai,0,15,1,469,False
TXN0195,5162,Coimbatore,0,18,1,471,False
TXN0196,6666,Coimbatore,0,11,1,287,False
TXN0197,7532,Madurai,0,12,3,738,False
TXN0198,9399,Chennai,0,8,2,422,False
TXN0199,4558,Salem,1,20,4,1343,False
TXN0200,3631,Madurai,0,18,4,327,False
TXN0201,9817,Salem,1,16,1,551,False
TXN0202,997,Coimbatore,0,13,3,532,False
TXN0203,4842,Salem,0,10,1,1118,False
TXN0204,79834,Bangalore,1,4,8,69,True
TXN0205,142953,Hyderabad,1,0,11,7,True
TXN0206,14224,Salem,0,20,4,1553,False
TXN0207,6736,Salem,0,17,2,1741,False
TXN0208,6028,Salem,0,20,1,598,False
TXN0209,8684,Madurai,0,19,3,1627,False
TXN0210,12865,Coimbatore,0,9,1,1186,False
TXN0211,5824,Coimbatore,0,11,2,310,False
TXN0212,2942,Salem,0,9,2,1682,False
TXN0213,9336,Salem,1,17,3,409,False
TXN0214,87961,Delhi,1,2,9,80,True
TXN0215,1315,Chennai,0,21,4,177,False
TXN0216,4803,Chennai,0,9,4,1047,False
TXN0217,13368,Coimbatore,0,17,4,1126,False
TXN0218,7481,Coimbatore,0,17,1,1133,False
TXN0219,122749,Mumbai,1,3,12,72,True
TXN0220,4734,Chennai,1,20,3,1490,False
TXN0221,10705,Salem,0,9,3,293,False
TXN0222,11957,Coimbatore,0,17,1,1293,False
TXN0223,5182,Salem,1,11,1,734,False
TXN0224,5481,Madurai,0,9,4,1141,False
TXN0225,70483,Hyderabad,1,1,8,48,True
TXN0226,48030,Delhi,1,1,6,42,True
TXN0227,8943,Salem,0,17,2,1323,False
TXN0228,53703,Hyderabad,1,4,7,97,True
TXN0229,77749,Bangalore,1,1,12,83,True
TXN0230,12941,Salem,1,14,2,733,False
TXN0231,3278,Madurai,0,21,4,1675,False
TXN0232,8339,Coimbatore,1,12,2,1740,False
TXN0233,954,Chennai,1,18,1,1556,False
TXN0234,12602,Coimbatore,0,15,4,1954,False
TXN0235,1602,Salem,0,21,3,154,False
TXN0236,95799,Delhi,1,2,8,54,True
TXN0237,561,Coimbatore,0,10,3,1720,False
TXN0238,67601,Hyderabad,1,3,7,95,True
TXN0239,186,Coimbatore,0,7,3,541,False
TXN0240,12015,Madurai,1,10,3,586,False
TXN0241,61252,Hyderabad,1,3,15,84,True
TXN0242,139666,Delhi,1,3,14,73,True
TXN0243,9521,Chennai,0,11,3,979,False
TXN0244,4041,Madurai,1,12,1,1172,False
TXN0245,98951,Delhi,1,4,13,69,True
TXN0246,7802,Chennai,0,19,3,619,False
TXN0247,1206,Madurai,0,14,1,1680,False
TXN0248,76176,Mumbai,1,4,10,87,True
TXN0249,11317,Coimbatore,1,22,2,1761,False
TXN0250,131736,Mumbai,1,3,5,42,True
TXN0251,56144,Hyderabad,1,0,10,44,True
TXN0252,8997,Coimbatore,1,15,1,1642,False
TXN0253,14225,Madurai,0,17,3,354,False
TXN0254,6653,Salem,1,19,3,482,False
TXN0255,6118,Salem,0,9,4,261,False
TXN0256,13573,Chennai,0,16,3,310,False
TXN0257,4943,Salem,0,21,4,441,False
TXN0258,793,Chennai,0,20,3,1409,False
TXN0259,113560,Mumbai,1,3,10,70,True
TXN0260,2439,Coimbatore,1,8,2,237,False
TXN0261,6101,Coimbatore,0,19,1,1339,False
TXN0262,6177,Coimbatore,0,21,1,1275,False
TXN0263,6621,Chennai,0,15,2,332,False
TXN0264,8276,Madurai,1,10,3,1687,False
TXN0265,3615,Coimbatore,0,22,2,351,False
TXN0266,7506,Madurai,0,21,1,1759,False
TXN0267,11725,Coimbatore,0,16,3,1843,False
TXN0268,11572,Coimbatore,0,18,2,348,False
TXN0269,3978,Madurai,1,7,3,1234,False
TXN0270,9138,Salem,0,9,1,733,False
TXN0271,11877,Chennai,1,20,4,1786,False
TXN0272,71553,Bangalore,1,0,12,64,True
TXN0273,138665,Mumbai,1,4,15,80,True
TXN0274,2214,Coimbatore,1,8,1,1161,False
TXN0275,2753,Madurai,0,14,3,1162,False
TXN0276,4205,Madurai,0,15,2,1380,False
TXN0277,1630,Madurai,0,11,2,1449,False
TXN0278,9334,Madurai,0,7,1,193,False
TXN0279,12665,Madurai,1,7,4,1920,False
TXN0280,5049,Salem,1,14,4,709,False
TXN0281,37852,Hyderabad,1,1,12,58,True
TXN0282,5673,Madurai,0,17,3,1603,False
TXN0283,2242,Salem,0,10,3,595,False
TXN0284,88929,Delhi,1,1,7,17,True
TXN0285,6393,Madurai,1,14,2,1766,False
TXN0286,11914,Salem,0,13,2,1120,False
TXN0287,5155,Salem,1,7,1,905,False
TXN0288,3624,Salem,0,8,1,676,False
TXN0289,13909,Chennai,1,16,1,1835,False
TXN0290,14558,Chennai,0,18,4,849,False
TXN0291,9443,Salem,0,18,3,250,False
TXN0292,12623,Salem,0,10,2,298,False
TXN0293,5655,Salem,0,11,2,1333,False
TXN0294,842,Salem,0,11,3,1746,False
TXN0295,2540,Salem,0,17,3,432,False
TXN0296,12213,Madurai,0,17,4,1551,False
TXN0297,372,Madurai,0,17,1,953,False
TXN0298,11983,Coimbatore,0,22,3,1442,False
TXN0299,9660,Coimbatore,1,12,4,402,False
TXN0300,121818,Hyderabad,1,0,8,7,True
TXN0301,2581,Salem,1,13,4,1127,False
TXN0302,12155,Madurai,0,11,2,1248,False
TXN0303,7937,Madurai,1,17,2,1041,False
TXN0304,11173,Madurai,0,22,2,604,False
TXN0305,3784,Salem,0,16,2,1513,False
TXN0306,5814,Salem,0,16,1,1274,False
TXN0307,6564,Madurai,0,11,3,186,False
TXN0308,1394,Salem,0,21,3,1630,False
TXN0309,13665,Coimbatore,0,15,2,323,False
TXN0310,11074,Salem,0,14,1,305,False
TXN0311,7839,Coimbatore,0,11,1,1227,False
TXN0312,14528,Madurai,1,22,2,1648,False
TXN0313,10682,Chennai,0,9,2,1195,False
TXN0314,2968,Salem,1,12,1,1812,False
TXN0315,3152,Chennai,0,8,1,711,False
TXN0316,5589,Coimbatore,0,21,4,1921,False
TXN0317,7768,Coimbatore,0,13,1,777,False
TXN0318,10721,Madurai,0,12,1,1608,False
TXN0319,9402,Salem,0,12,4,1793,False
TXN0320,1521,Salem,1,10,2,387,False
TXN0321,4164,Salem,0,15,4,582,False
TXN0322,5500,Madurai,0,7,3,1438,False
TXN0323,1117,Salem,0,21,3,427,False
TXN0324,14765,Coimbatore,0,10,3,852,False
TXN0325,2288,Madurai,1,11,4,1631,False
TXN0326,9098,Chennai,1,13,2,1493,False
TXN0327,8753,Coimbatore,0,9,1,226,False
TXN0328,2555,Coimbatore,0,17,4,338,False
TXN0329,8108,Coimbatore,0,21,1,1028,False
TXN0330,7584,Chennai,0,21,3,1581,False
TXN0331,13476,Salem,0,13,1,192,False
TXN0332,1144,Madurai,0,9,4,164,False
TXN0333,12698,Salem,0,20,3,1925,False
TXN0334,14956,Coimbatore,1,19,1,1498,False
TXN0335,5797,Coimbatore,0,12,4,1183,False
TXN0336,3748,Salem,0,7,3,1048,False
TXN0337,13589,Coimbatore,0,14,4,808,False
TXN0338,14439,Chennai,0,8,4,1359,False
TXN0339,1202,Chennai,0,8,4,1324,False
TXN0340,824,Coimbatore,1,21,2,1205,False
TXN0341,12815,Madurai,0,11,3,579,False
TXN0342,12757,Coimbatore,0,14,3,1894,False
TXN0343,8640,Chennai,0,20,3,663,False
TXN0344,9793,Madurai,0,20,4,196,False
TXN0345,11099,Coimbatore,1,17,4,936,False
TXN0346,3112,Coimbatore,1,14,2,715,False
TXN0347,1044,Coimbatore,1,20,2,895,False
TXN0348,5511,Coimbatore,0,21,3,289,False
TXN0349,79436,Delhi,1,4,14,10,True
TXN0350,129837,Mumbai,1,4,15,76,True
TXN0351,14345,Coimbatore,0,16,1,533,False
TXN0352,2022,Coimbatore,1,14,2,912,False
TXN0353,12806,Madurai,0,19,4,1192,False
TXN0354,5992,Salem,1,21,1,1744,False
TXN0355,5346,Chennai,0,18,3,947,False
TXN0356,3725,Salem,0,7,3,1233,False
TXN0357,3314,Coimbatore,0,14,4,1266,False
TXN0358,10825,Salem,0,15,4,1581,False
TXN0359,12105,Salem,0,12,2,1575,False
TXN0360,146570,Delhi,1,4,15,12,True
TXN0361,1317,Coimbatore,0,7,4,381,False
TXN0362,49795,Hyderabad,1,0,8,69,True
TXN0363,10222,Salem,1,22,1,113,False
TXN0364,99391,Delhi,1,2,13,41,True
TXN0365,11533,Chennai,1,12,1,1980,False
TXN0366,4048,Salem,0,15,3,647,False
TXN0367,83218,Mumbai,1,3,14,36,True
TXN0368,13666,Salem,0,8,1,930,False
TXN0369,7898,Salem,0,7,2,269,False
TXN0370,10666,Coimbatore,0,10,1,570,False
TXN0371,11442,Chennai,1,15,1,1992,False
TXN0372,4693,Coimbatore,0,12,3,132,False
TXN0373,12424,Coimbatore,1,9,3,432,False
TXN0374,14017,Coimbatore,1,17,4,1647,False
TXN0375,11393,Salem,0,18,1,300,False
TXN0376,1345,Madurai,0,19,3,160,False
TXN0377,7481,Salem,1,14,3,1232,False
TXN0378,11236,Coimbatore,1,9,3,1734,False
TXN0379,1444,Coimbatore,0,11,4,1557,False
TXN0380,5288,Madurai,0,10,1,110,False
TXN0381,12573,Coimbatore,0,10,2,278,False
TXN0382,9225,Madurai,1,10,1,283,False
TXN0383,9880,Salem,0,19,1,697,False
TXN0384,1487,Coimbatore,0,12,4,447,False
TXN0385,4497,Salem,1,11,1,442,False
TXN0386,5011,Coimbatore,1,9,3,615,False
TXN0387,8223,Madurai,0,21,1,377,False
TXN0388,81864,Bangalore,1,2,14,53,True
TXN0389,7155,Coimbatore,0,16,3,1335,False
TXN0390,3010,Salem,1,17,3,1605,False
TXN0391,12911,Salem,0,17,4,674,False
TXN0392,9338,Salem,0,12,1,1589,False
TXN0393,3534,Salem,1,16,1,1777,False
TXN0394,2380,Coimbatore,0,14,3,1448,False
TXN0395,13028,Salem,1,9,4,1324,False
TXN0396,8855,Chennai,1,8,3,1536,False
TXN0397,62536,Delhi,1,2,7,87,True
TXN0398,10668,Chennai,1,17,4,316,False
TXN0399,59098,Mumbai,1,4,13,76,True
TXN0400,6508,Salem,1,11,3,150,False
TXN0401,84522,Mumbai,1,0,6,98,True
TXN0402,5720,Salem,1,13,4,813,False
TXN0403,124633,Bangalore,1,3,10,13,True
TXN0404,123163,Delhi,1,0,5,48,True
TXN0405,2792,Salem,0,12,2,777,False
TXN0406,3898,Salem,1,12,2,1411,False
TXN0407,12181,Chennai,0,21,4,896,False
TXN0408,3471,Coimbatore,0,9,1,1737,False
TXN0409,3328,Salem,1,10,3,1473,False
TXN0410,10571,Chennai,0,19,4,1302,False
TXN0411,13952,Chennai,1,12,3,1981,False
TXN0412,5231,Coimbatore,0,14,3,339,False
TXN0413,2416,Salem,1,20,2,1277,False
TXN0414,8073,Coimbatore,0,12,4,691,False
TXN0415,140360,Bangalore,1,3,14,11,True
TXN0416,8039,Salem,0,13,4,1250,False
TXN0417,8156,Chennai,1,21,4,442,False
TXN0418,13139,Coimbatore,0,16,1,662,False
TXN0419,2855,Chennai,1,22,1,1272,False
TXN0420,8998,Coimbatore,0,8,4,1218,False
TXN0421,1777,Madurai,0,16,1,1021,False
TXN0422,13481,Coimbatore,0,21,1,1688,False
TXN0423,12185,Coimbatore,0,20,2,1361,False
TXN0424,13428,Madurai,0,8,3,1190,False
TXN0425,2858,Madurai,0,16,3,1272,False
TXN0426,8528,Chennai,0,11,4,1981,False
TXN0427,14305,Madurai,0,11,2,399,False
TXN0428,12575,Madurai,1,22,2,1282,False
TXN0429,6246,Madurai,1,9,1,925,False
TXN0430,14473,Chennai,0,21,4,770,False
TXN0431,13979,Chennai,0,21,3,1841,False
TXN0432,6616,Madurai,0,20,2,1113,False
TXN0433,4746,Madurai,0,11,4,1714,False
TXN0434,12588,Salem,0,8,1,1382,False
TXN0435,142414,Delhi,1,1,12,63,True
TXN0436,7109,Madurai,0,11,3,425,False
TXN0437,77242,Mumbai,1,2,6,52,True
TXN0438,111999,Delhi,1,2,8,59,True
TXN0439,117,Coimbatore,0,22,1,371,False
TXN0440,7391,Chennai,0,7,3,1773,False
TXN0441,7019,Salem,0,22,1,568,False
TXN0442,135638,Bangalore,1,0,6,45,True
TXN0443,2346,Chennai,1,11,2,240,False
TXN0444,2788,Coimbatore,1,18,2,1386,False
TXN0445,10193,Chennai,1,13,1,1936,False
TXN0446,46142,Hyderabad,1,4,11,49,True
TXN0447,2390,Madurai,0,15,1,608,False
TXN0448,11412,Coimbatore,0,16,2,1160,False
TXN0449,4942,Chennai,0,14,4,890,False
TXN0450,10554,Coimbatore,0,7,3,748,False
TXN0451,13845,Salem,1,18,2,1662,False
TXN0452,12721,Madurai,0,7,1,128,False
TXN0453,1090,Salem,1,16,4,967,False
TXN0454,100328,Bangalore,1,4,14,24,True
TXN0455,40357,Bangalore,1,4,8,24,True
TXN0456,10492,Coimbatore,0,16,4,1594,False
TXN0457,41300,Delhi,1,3,6,63,True
TXN0458,12251,Coimbatore,0,10,1,1549,False
TXN0459,2784,Madurai,1,18,3,441,False
TXN0460,132383,Bangalore,1,2,6,8,True
TXN0461,4556,Salem,0,15,1,1116,False
TXN0462,1008,Madurai,1,12,3,422,False
TXN0463,14751,Chennai,0,14,1,190,False
TXN0464,7829,Chennai,0,19,2,466,False
TXN0465,11798,Salem,1,14,3,608,False
TXN0466,5341,Chennai,0,9,3,344,False
TXN0467,135426,Delhi,1,4,5,56,True
TXN0468,14289,Salem,0,16,3,276,False
TXN0469,56302,Mumbai,1,2,14,43,True
TXN0470,9794,Chennai,1,13,2,408,False
TXN0471,491,Chennai,0,18,1,786,False
TXN0472,6264,Coimbatore,0,10,2,1185,False
TXN0473,1081,Coimbatore,0,15,1,189,False
TXN0474,8615,Chennai,1,18,4,1631,False
TXN0475,8380,Chennai,0,19,1,1312,False
TXN0476,2241,Madurai,0,16,3,1842,False
TXN0477,6538,Coimbatore,0,17,4,656,False
TXN0478,56569,Mumbai,1,1,14,18,True
TXN0479,88925,Delhi,1,3,10,57,True
TXN0480,12721,Madurai,0,21,3,1048,False
TXN0481,1581,Madurai,0,16,1,540,False
TXN0482,123212,Delhi,1,1,10,55,True
TXN0483,4362,Salem,0,7,4,1850,False
TXN0484,9113,Coimbatore,0,10,4,308,False
TXN0485,38083,Hyderabad,1,1,7,30,True
TXN0486,10426,Chennai,0,15,1,144,False
TXN0487,114670,Bangalore,1,3,7,16,True
TXN0488,90423,Hyderabad,1,0,7,78,True
TXN0489,6571,Salem,1,7,4,1499,False
TXN0490,58143,Hyderabad,1,1,9,40,True
TXN0491,667,Salem,0,16,4,943,False
TXN0492,66670,Mumbai,1,3,7,58,True
TXN0493,13161,Madurai,0,7,4,1701,False
TXN0494,12903,Madurai,1,18,3,895,False
TXN0495,71795,Bangalore,1,4,8,8,True
TXN0496,91824,Mumbai,1,4,10,79,True
TXN0497,1740,Chennai,0,14,3,1192,False
TXN0498,3694,Coimbatore,1,18,2,460,False
TXN0499,13308,Coimbatore,0,7,3,1262,False
TXN0500,3184,Chennai,1,16,2,1104,False
TXN0501,60490,Hyderabad,1,4,8,7,True
TXN0502,110495,Mumbai,1,1,7,48,True
TXN0503,13932,Coimbatore,0,8,1,402,False
TXN0504,13968,Salem,0,9,3,1542,False
TXN0505,5614,Salem,0,17,2,422,False
TXN0506,8082,Coimbatore,0,12,3,557,False
TXN0507,12125,Chennai,0,11,2,1592,False
TXN0508,9485,Madurai,1,8,2,1333,False
TXN0509,10116,Madurai,0,10,4,388,False
TXN0510,3999,Chennai,0,17,2,1402,False
TXN0511,11077,Coimbatore,0,21,1,643,False
TXN0512,1210,Chennai,0,15,1,1575,False
TXN0513,87438,Hyderabad,1,3,7,57,True
TXN0514,5854,Coimbatore,1,10,4,1715,False
TXN0515,39661,Bangalore,1,0,9,7,True
TXN0516,1815,Salem,0,17,2,1918,False
TXN0517,39830,Hyderabad,1,4,6,48,True
TXN0518,7166,Chennai,0,20,2,209,False
TXN0519,3212,Coimbatore,1,15,3,709,False
TXN0520,81498,Mumbai,1,4,13,67,True
TXN0521,30500,Hyderabad,1,3,6,42,True
TXN0522,33373,Bangalore,1,1,7,86,True
TXN0523,7858,Salem,0,16,4,1064,False
TXN0524,4441,Salem,0,19,2,859,False
TXN0525,7403,Madurai,0,15,4,1052,False
TXN0526,4500,Madurai,0,11,1,275,False
TXN0527,6882,Salem,0,8,4,1776,False
TXN0528,11356,Chennai,1,14,4,712,False
TXN0529,14090,Salem,0,11,1,1650,False
TXN0530,51910,Delhi,1,1,8,21,True
TXN0531,11292,Madurai,1,13,2,1808,False
TXN0532,12012,Salem,0,9,4,1239,False
TXN0533,14134,Salem,0,21,1,1710,False
TXN0534,49613,Delhi,1,1,14,80,True
TXN0535,9319,Salem,0,16,3,1897,False
TXN0536,10828,Madurai,1,22,1,452,False
TXN0537,10229,Madurai,1,8,4,1921,False
TXN0538,907,Madurai,1,15,3,141,False
TXN0539,5065,Chennai,0,15,4,1857,False
TXN0540,3834,Madurai,0,16,4,1685,False
TXN0541,6928,Salem,0,13,4,532,False
TXN0542,12543,Madurai,0,8,2,234,False
TXN0543,6709,Coimbatore,0,7,2,494,False
TXN0544,4187,Madurai,0,21,1,1980,False
TXN0545,4588,Chennai,0,21,4,1401,False
TXN0546,4063,Salem,0,22,4,463,False
TXN0547,5830,Chennai,0,12,3,1633,False
TXN0548,6433,Coimbatore,0,12,2,1855,False
TXN0549,11203,Chennai,0,15,4,1151,False
TXN0550,12675,Coimbatore,0,22,2,1425,False
TXN0551,238,Madurai,0,15,3,1559,False
TXN0552,6268,Salem,0,21,3,546,False
TXN0553,8630,Madurai,1,10,1,1147,False
TXN0554,9828,Chennai,0,16,1,1086,False
TXN0555,4629,Madurai,0,15,3,1443,False
TXN0556,97802,Hyderabad,1,1,5,81,True
TXN0557,11253,Madurai,0,7,4,705,False
TXN0558,6728,Coimbatore,1,8,2,802,False
TXN0559,10558,Coimbatore,1,18,3,1831,False
TXN0560,14460,Coimbatore,0,16,1,1064,False
TXN0561,11981,Madurai,0,17,1,555,False
TXN0562,14377,Madurai,0,20,3,861,False
TXN0563,7698,Chennai,0,22,1,1874,False
TXN0564,3287,Chennai,0,19,3,946,False
TXN0565,2570,Salem,0,13,3,938,False
TXN0566,143035,Bangalore,1,1,6,67,True
TXN0567,2997,Madurai,0,8,1,1025,False
TXN0568,12773,Chennai,0,12,4,1708,False
TXN0569,86847,Hyderabad,1,3,11,59,True
TXN0570,718,Madurai,0,18,1,1926,False
TXN0571,8800,Coimbatore,0,7,1,1383,False
TXN0572,14468,Salem,0,16,2,310,False
TXN0573,5115,Madurai,0,9,1,710,False
TXN0574,8624,Salem,0,20,2,801,False
TXN0575,3187,Coimbatore,0,19,1,567,False
TXN0576,2249,Madurai,0,7,2,352,False
TXN0577,13078,Chennai,0,19,3,1679,False
TXN0578,885,Chennai,0,7,1,1512,False
TXN0579,6330,Coimbatore,0,15,4,1537,False
TXN0580,11335,Chennai,0,16,4,1455,False
TXN0581,4523,Chennai,0,20,1,1147,False
TXN0582,12957,Coimbatore,0,22,2,1347,False
TXN0583,13723,Coimbatore,0,18,4,704,False
TXN0584,95058,Mumbai,1,1,12,47,True
TXN0585,118032,Hyderabad,1,0,6,78,True
TXN0586,41807,Delhi,1,4,6,97,True
TXN0587,10656,Salem,0,21,3,640,False
TXN0588,136584,Bangalore,1,1,5,42,True
TXN0589,5223,Chennai,1,10,1,1843,False
TXN0590,48139,Hyderabad,1,1,10,50,True
TXN0591,4495,Chennai,0,18,3,474,False
TXN0592,7579,Salem,0,19,4,1738,False
TXN0593,13156,Chennai,0,10,2,1525,False
TXN0594,13933,Salem,0,10,4,1966,False
TXN0595,11214,Madurai,1,12,4,1695,False
TXN0596,14232,Salem,0,22,4,331,False
TXN0597,1137,Coimbatore,0,17,1,1542,False
TXN0598,11074,Coimbatore,0,10,4,1455,False
TXN0599,10974,Coimbatore,1,11,1,123,False
TXN0600,7788,Salem,1,12,1,1638,False
TXN0601,5521,Salem,0,8,2,1227,False
TXN0602,3950,Salem,0,21,4,1740,False
TXN0603,95333,Hyderabad,1,3,10,20,True
TXN0604,391,Chennai,0,19,4,173,False
TXN0605,13072,Madurai,0,13,4,798,False
TXN0606,13478,Salem,0,21,3,1247,False
TXN0607,6052,Coimbatore,1,10,1,1655,False
TXN0608,76548,Bangalore,1,2,13,71,True
TXN0609,850,Salem,0,22,2,1783,False
TXN0610,110065,Hyderabad,1,1,8,20,True
TXN0611,13609,Salem,0,17,1,1650,False
TXN0612,113000,Hyderabad,1,4,6,62,True
TXN0613,8360,Chennai,0,22,1,1186,False
TXN0614,7191,Coimbatore,1,12,2,1596,False
TXN0615,116182,Hyderabad,1,4,14,46,True
TXN0616,10077,Madurai,0,15,4,802,False
TXN0617,2285,Madurai,0,20,3,1826,False
TXN0618,9169,Madurai,0,13,2,1378,False
TXN0619,11116,Chennai,0,12,3,1554,False
TXN0620,9312,Salem,1,20,3,1897,False
TXN0621,8664,Chennai,0,7,4,397,False
TXN0622,3375,Madurai,0,12,3,1499,False
TXN0623,38130,Delhi,1,2,8,74,True
TXN0624,7515,Madurai,0,14,4,586,False
TXN0625,869,Madurai,1,19,4,1714,False
TXN0626,981,Salem,0,15,2,1370,False
TXN0627,10483,Salem,0,13,2,702,False
TXN0628,119477,Delhi,1,0,7,27,True
TXN0629,7120,Madurai,0,15,2,429,False
TXN0630,91122,Bangalore,1,1,5,24,True
TXN0631,12775,Madurai,0,22,3,249,False
TXN0632,3112,Salem,0,12,4,1212,False
TXN0633,58992,Bangalore,1,1,15,47,True
TXN0634,3679,Madurai,1,7,1,1469,False
TXN0635,14919,Chennai,0,8,3,881,False
TXN0636,8951,Salem,0,7,3,1153,False
TXN0637,4956,Coimbatore,0,17,1,296,False
TXN0638,12770,Coimbatore,0,9,2,1472,False
TXN0639,7050,Chennai,0,13,4,1424,False
TXN0640,2619,Chennai,0,21,3,177,False
TXN0641,53329,Mumbai,1,2,13,14,True
TXN0642,6778,Madurai,1,21,4,986,False
TXN0643,118250,Delhi,1,0,13,5,True
TXN0644,9694,Chennai,0,9,3,2000,False
TXN0645,11337,Salem,0,9,3,1667,False
TXN0646,13569,Coimbatore,0,22,2,1192,False
TXN0647,81248,Mumbai,1,4,9,86,True
TXN0648,14632,Chennai,0,7,2,352,False
TXN0649,108204,Delhi,1,3,13,75,True
TXN0650,12360,Coimbatore,0,13,4,1954,False
TXN0651,58939,Delhi,1,4,9,29,True
TXN0652,134813,Hyderabad,1,4,5,75,True
TXN0653,1298,Coimbatore,0,9,3,301,False
TXN0654,8082,Coimbatore,0,18,2,1474,False
TXN0655,111201,Hyderabad,1,0,8,45,True
TXN0656,10198,Madurai,0,11,3,1754,False
TXN0657,2862,Coimbatore,0,17,2,1709,False
TXN0658,10599,Madurai,1,15,3,375,False
TXN0659,7683,Chennai,1,18,3,1097,False
TXN0660,109511,Mumbai,1,0,9,22,True
TXN0661,14621,Chennai,0,9,1,1839,False
TXN0662,9584,Madurai,1,13,1,1229,False
TXN0663,8942,Coimbatore,1,11,3,903,False
TXN0664,9760,Chennai,0,11,4,1126,False
TXN0665,8327,Coimbatore,0,14,2,1650,False
TXN0666,3035,Coimbatore,0,22,3,182,False
TXN0667,3896,Chennai,0,15,3,579,False
TXN0668,8585,Salem,0,19,4,1979,False
TXN0669,753,Madurai,0,10,3,1809,False
TXN0670,9441,Chennai,0,19,4,848,False
TXN0671,6265,Madurai,0,19,3,1773,False
TXN0672,7998,Coimbatore,0,11,4,439,False
TXN0673,114341,Mumbai,1,2,8,24,True
TXN0674,108908,Hyderabad,1,0,15,34,True
TXN0675,11900,Coimbatore,0,22,4,1081,False
TXN0676,10704,Coimbatore,1,7,2,188,False
TXN0677,2739,Coimbatore,0,8,2,214,False
TXN0678,3049,Coimbatore,1,7,3,275,False
TXN0679,7823,Salem,1,12,2,1800,False
TXN0680,13118,Madurai,0,15,2,1583,False
TXN0681,9873,Coimbatore,0,14,4,889,False
TXN0682,56522,Hyderabad,1,4,13,92,True
TXN0683,10020,Chennai,0,12,4,1946,False
TXN0684,8806,Coimbatore,0,9,4,1450,False
TXN0685,8935,Chennai,0,20,4,858,False
TXN0686,7128,Chennai,0,22,4,817,False
TXN0687,4270,Salem,1,14,1,680,False
TXN0688,189,Coimbatore,0,10,1,868,False
TXN0689,5275,Salem,1,18,1,416,False
TXN0690,4255,Madurai,0,20,3,1353,False
TXN0691,6611,Madurai,0,20,4,466,False
TXN0692,8025,Salem,0,16,3,1685,False
TXN0693,14108,Coimbatore,0,14,4,1703,False
TXN0694,96629,Delhi,1,3,10,75,True
TXN0695,113345,Hyderabad,1,0,6,23,True
TXN0696,7233,Madurai,0,9,3,554,False
TXN0697,34948,Bangalore,1,3,11,83,True
TXN0698,9888,Chennai,0,12,4,999,False
TXN0699,10862,Coimbatore,0,13,1,1705,False
TXN0700,11143,Chennai,0,18,2,1441,False
TXN0701,1522,Salem,0,19,3,1471,False
TXN0702,3381,Madurai,0,9,1,1225,False
TXN0703,9260,Coimbatore,0,18,3,563,False
TXN0704,6718,Chennai,0,15,2,933,False
TXN0705,8343,Madurai,0,17,1,1744,False
TXN0706,13422,Salem,0,21,4,1253,False
TXN0707,12510,Chennai,0,21,4,1936,False
TXN0708,4324,Coimbatore,0,19,2,1486,False
TXN0709,6857,Madurai,0,7,3,608,False
TXN0710,118302,Mumbai,1,2,6,75,True
TXN0711,5892,Coimbatore,0,15,2,1628,False
TXN0712,3371,Coimbatore,0,14,3,523,False
TXN0713,4191,Chennai,0,11,1,345,False
TXN0714,10969,Salem,1,7,1,1836,False
TXN0715,5267,Madurai,1,15,4,474,False
TXN0716,12390,Chennai,0,8,4,1079,False
TXN0717,6550,Salem,0,21,1,1530,False
TXN0718,237,Chennai,0,13,4,1289,False
TXN0719,10139,Madurai,0,12,3,585,False
TXN0720,10144,Salem,0,18,2,1121,False
TXN0721,11580,Salem,0,18,4,672,False
TXN0722,47188,Delhi,1,4,15,34,True
TXN0723,13274,Coimbatore,0,20,4,501,False
TXN0724,12200,Salem,0,22,1,461,False
TXN0725,14735,Chennai,0,22,3,613,False
TXN0726,11413,Madurai,0,8,2,1766,False
TXN0727,10419,Madurai,0,21,3,632,False
TXN0728,9233,Chennai,0,18,1,943,False
TXN0729,11234,Madurai,0,12,3,827,False
TXN0730,8087,Madurai,1,9,4,1356,False
TXN0731,2473,Salem,0,17,4,1392,False
TXN0732,1268,Madurai,0,12,3,567,False
TXN0733,4873,Salem,0,19,3,1917,False
TXN0734,6050,Chennai,1,20,2,476,False
TXN0735,60753,Mumbai,1,2,6,31,True
TXN0736,1665,Salem,0,22,1,153,False
TXN0737,1463,Salem,0,15,2,272,False
TXN0738,4153,Coimbatore,0,21,2,368,False
TXN0739,116972,Hyderabad,1,2,10,65,True
TXN0740,8956,Coimbatore,0,21,2,1528,False
TXN0741,7580,Coimbatore,1,16,3,1086,False
TXN0742,7339,Coimbatore,0,18,4,632,False
TXN0743,101,Chennai,0,18,3,1060,False
TXN0744,8159,Salem,1,16,1,1668,False
TXN0745,9881,Salem,0,7,3,486,False
TXN0746,7261,Salem,1,14,2,1564,False
TXN0747,3714,Coimbatore,0,9,4,1380,False
TXN0748,13206,Coimbatore,0,16,3,945,False
TXN0749,3088,Salem,0,16,1,1404,False
TXN0750,4558,Coimbatore,1,13,3,139,False
TXN0751,100119,Bangalore,1,0,7,18,True
TXN0752,11817,Coimbatore,1,7,2,284,False
TXN0753,58467,Hyderabad,1,2,11,44,True
TXN0754,7697,Coimbatore,0,17,1,1827,False
TXN0755,131666,Hyderabad,1,3,6,74,True
TXN0756,147401,Delhi,1,2,11,6,True
TXN0757,11809,Chennai,0,19,4,606,False
TXN0758,126380,Mumbai,1,0,13,90,True
TXN0759,11264,Chennai,0,17,2,1388,False
TXN0760,9104,Madurai,0,15,4,1407,False
TXN0761,146328,Delhi,1,0,15,32,True
TXN0762,7213,Madurai,0,7,2,1726,False
TXN0763,6584,Salem,0,7,1,1290,False
TXN0764,2639,Salem,0,9,2,422,False
TXN0765,111087,Delhi,1,2,15,12,True
TXN0766,2621,Madurai,0,11,4,576,False
TXN0767,13019,Salem,0,21,2,143,False
TXN0768,2307,Salem,0,8,4,1547,False
TXN0769,8992,Madurai,1,13,2,1213,False
TXN0770,7774,Coimbatore,0,12,1,1187,False
TXN0771,13525,Salem,0,18,4,101,False
TXN0772,14565,Chennai,0,18,2,756,False
TXN0773,8930,Coimbatore,1,13,4,1668,False
TXN0774,5385,Chennai,1,17,1,297,False
TXN0775,47009,Delhi,1,1,5,30,True
TXN0776,1717,Madurai,0,19,4,1176,False
TXN0777,58930,Mumbai,1,4,6,6,True
TXN0778,14677,Salem,0,21,1,839,False
TXN0779,13112,Chennai,0,15,1,1603,False
TXN0780,1376,Coimbatore,0,10,1,1585,False
TXN0781,3204,Salem,0,14,2,1243,False
TXN0782,12654,Chennai,0,21,4,1908,False
TXN0783,53644,Bangalore,1,4,11,69,True
TXN0784,8847,Madurai,1,18,3,1226,False
TXN0785,6855,Coimbatore,1,17,2,1253,False
TXN0786,9115,Salem,0,18,4,1016,False
TXN0787,34543,Mumbai,1,2,14,7,True
TXN0788,5045,Madurai,0,16,2,539,False
TXN0789,137733,Mumbai,1,2,13,70,True
TXN0790,90341,Bangalore,1,2,7,22,True
TXN0791,9638,Madurai,0,14,3,1761,False
TXN0792,82402,Delhi,1,4,8,98,True
TXN0793,13090,Chennai,1,12,4,1791,False
TXN0794,5021,Chennai,0,19,1,1697,False
TXN0795,5578,Chennai,0,20,4,1877,False
TXN0796,3814,Chennai,0,19,1,724,False
TXN0797,9355,Chennai,0,17,2,413,False
TXN0798,6536,Madurai,1,9,2,984,False
TXN0799,2525,Chennai,0,17,1,1074,False
TXN0800,4401,Coimbatore,0,19,4,1684,False
TXN0801,7979,Coimbatore,0,22,4,1435,False
TXN0802,12153,Salem,0,14,1,645,False
TXN0803,9537,Madurai,0,10,4,967,False
TXN0804,5354,Madurai,0,7,3,446,False
TXN0805,13253,Coimbatore,1,11,4,191,False
TXN0806,78997,Delhi,1,1,6,19,True
TXN0807,10274,Chennai,0,16,1,803,False
TXN0808,7819,Coimbatore,0,17,2,1615,False
TXN0809,8673,Chennai,0,22,2,1523,False
TXN0810,14944,Madurai,0,15,2,223,False
TXN0811,11511,Chennai,0,8,4,1440,False
TXN0812,116556,Bangalore,1,2,15,89,True
TXN0813,412,Chennai,0,19,2,879,False
TXN0814,8040,Salem,0,12,2,1125,False
TXN0815,11773,Madurai,0,8,2,1988,False
TXN0816,6545,Madurai,0,7,3,1501,False
TXN0817,5053,Madurai,0,15,1,1381,False
TXN0818,14688,Madurai,0,15,2,410,False
TXN0819,10863,Coimbatore,0,9,4,1166,False
TXN0820,9486,Madurai,0,20,3,1963,False
TXN0821,2258,Coimbatore,0,11,2,1866,False
TXN0822,11652,Coimbatore,0,20,2,1443,False
TXN0823,9231,Coimbatore,0,12,3,1819,False
TXN0824,12640,Salem,0,20,4,721,False
TXN0825,13562,Coimbatore,0,11,2,318,False
TXN0826,129935,Mumbai,1,4,14,39,True
TXN0827,3883,Salem,0,18,1,1509,False
TXN0828,140905,Bangalore,1,4,12,96,True
TXN0829,80785,Mumbai,1,3,12,22,True
TXN0830,34224,Hyderabad,1,3,5,39,True
TXN0831,11099,Salem,0,13,1,462,False
TXN0832,8127,Salem,0,21,2,975,False
TXN0833,10060,Chennai,1,17,4,1352,False
TXN0834,7499,Salem,1,8,2,1162,False
TXN0835,743,Salem,1,8,2,696,False
TXN0836,5089,Madurai,0,21,2,965,False
TXN0837,993,Chennai,0,21,4,285,False
TXN0838,106735,Hyderabad,1,4,7,55,True
TXN0839,508,Salem,0,21,2,1907,False
TXN0840,72477,Delhi,1,1,6,16,True
TXN0841,10488,Coimbatore,0,9,4,1588,False
TXN0842,6335,Coimbatore,0,12,3,1258,False
TXN0843,48953,Bangalore,1,1,5,58,True
TXN0844,12693,Coimbatore,1,16,2,340,False
TXN0845,157,Salem,0,7,4,1119,False
TXN0846,194,Salem,1,14,2,1305,False
TXN0847,7339,Madurai,0,7,2,1906,False
TXN0848,9234,Chennai,0,8,2,403,False
TXN0849,701,Chennai,0,8,3,778,False
TXN0850,84651,Bangalore,1,1,7,91,True
TXN0851,11429,Chennai,0,21,3,173,False
TXN0852,5389,Salem,0,19,1,1653,False
TXN0853,1163,Madurai,0,22,2,349,False
TXN0854,6879,Chennai,0,13,1,323,False
TXN0855,11382,Madurai,0,20,3,631,False
TXN0856,10164,Coimbatore,1,22,4,1754,False
TXN0857,3912,Chennai,0,13,1,342,False
TXN0858,13153,Chennai,0,13,4,947,False
TXN0859,9281,Madurai,0,7,2,1513,False
TXN0860,1211,Chennai,0,16,3,1670,False
TXN0861,73684,Delhi,1,2,11,97,True
TXN0862,3278,Salem,0,17,4,1976,False
TXN0863,10678,Salem,0,22,2,1384,False
TXN0864,8897,Chennai,0,21,4,2000,False
TXN0865,5004,Madurai,0,7,2,1282,False
TXN0866,14649,Chennai,0,9,2,674,False
TXN0867,6247,Chennai,0,19,2,1318,False
TXN0868,12413,Salem,0,17,1,656,False
TXN0869,144956,Bangalore,1,1,10,62,True
TXN0870,5053,Chennai,0,10,3,1707,False
TXN0871,1617,Coimbatore,1,7,4,1953,False
TXN0872,93369,Mumbai,1,4,9,46,True
TXN0873,1709,Salem,0,13,1,1040,False
TXN0874,8658,Chennai,0,7,3,190,False
TXN0875,14668,Madurai,0,10,3,146,False
TXN0876,3538,Madurai,0,13,2,686,False
TXN0877,12761,Coimbatore,1,10,3,405,False
TXN0878,349,Madurai,0,13,3,1225,False
TXN0879,11640,Madurai,0,14,2,245,False
TXN0880,5649,Salem,1,8,2,159,False
TXN0881,926,Salem,0,19,1,276,False
TXN0882,11645,Coimbatore,1,18,3,780,False
TXN0883,11091,Salem,0,21,2,290,False
TXN0884,70683,Mumbai,1,3,12,34,True
TXN0885,147401,Hyderabad,1,4,9,51,True
TXN0886,117186,Hyderabad,1,2,10,63,True
TXN0887,92303,Hyderabad,1,0,10,66,True
TXN0888,4724,Chennai,0,11,1,930,False
TXN0889,10740,Salem,0,16,4,920,False
TXN0890,4092,Madurai,0,22,4,235,False
TXN0891,11471,Coimbatore,1,20,3,1215,False
TXN0892,117766,Delhi,1,0,14,67,True
TXN0893,7684,Madurai,0,10,4,460,False
TXN0894,1240,Chennai,0,19,3,1112,False
TXN0895,137090,Delhi,1,1,14,86,True
TXN0896,10927,Salem,0,21,3,898,False
TXN0897,119327,Bangalore,1,2,9,77,True
TXN0898,7222,Salem,0,9,1,1352,False
TXN0899,14067,Chennai,0,8,3,1945,False
TXN0900,103404,Delhi,1,2,6,41,True
TXN0901,11605,Salem,1,17,4,931,False
TXN0902,3560,Salem,0,22,2,485,False
TXN0903,6002,Coimbatore,1,11,3,1887,False
TXN0904,39403,Hyderabad,1,0,7,97,True
TXN0905,2324,Salem,0,11,4,1861,False
TXN0906,11493,Salem,1,12,4,1143,False
TXN0907,7473,Salem,1,18,2,480,False
TXN0908,9568,Madurai,1,14,3,941,False
TXN0909,34963,Bangalore,1,4,12,95,True
TXN0910,93115,Bangalore,1,0,7,98,True
TXN0911,1381,Chennai,0,14,4,1391,False
TXN0912,8934,Chennai,0,8,3,1195,False
TXN0913,8499,Madurai,1,17,4,822,False
TXN0914,678,Salem,0,15,1,1388,False
TXN0915,9485,Salem,0,16,1,687,False
TXN0916,96269,Mumbai,1,0,9,37,True
TXN0917,4609,Coimbatore,0,7,1,1336,False
TXN0918,12207,Coimbatore,0,21,3,1754,False
TXN0919,11581,Chennai,0,22,2,1737,False
TXN0920,1482,Salem,0,11,4,1641,False
TXN0921,3998,Madurai,1,12,2,1283,False
TXN0922,64654,Hyderabad,1,0,5,26,True
TXN0923,5037,Salem,1,14,4,1499,False
TXN0924,2478,Salem,1,7,3,1998,False
TXN0925,5272,Salem,0,10,3,1829,False
TXN0926,10783,Chennai,0,17,3,646,False
TXN0927,9671,Coimbatore,1,21,2,1603,False
TXN0928,11203,Chennai,0,17,1,1477,False
TXN0929,295,Salem,1,10,1,1503,False
TXN0930,11982,Chennai,0,15,2,169,False
TXN0931,1031,Coimbatore,0,10,1,276,False
TXN0932,12615,Madurai,0,10,2,618,False
TXN0933,1340,Madurai,1,15,4,1517,False
TXN0934,12891,Salem,0,15,1,883,False
TXN0935,1084,Chennai,0,15,2,1002,False
TXN0936,3387,Coimbatore,1,12,4,322,False
TXN0937,7165,Madurai,0,10,4,1565,False
TXN0938,39557,Bangalore,1,0,14,98,True
TXN0939,407,Salem,1,11,1,177,False
TXN0940,11569,Salem,0,19,1,1155,False
TXN0941,6717,Salem,0,14,1,887,False
TXN0942,100163,Bangalore,1,2,10,92,True
TXN0943,10459,Salem,0,18,3,264,False
TXN0944,4850,Coimbatore,0,12,1,886,False
TXN0945,6491,Salem,0,18,4,273,False
TXN0946,2392,Coimbatore,0,13,1,1574,False
TXN0947,1132,Chennai,0,22,4,133,False
TXN0948,5633,Salem,0,19,1,533,False
TXN0949,14357,Coimbatore,0,14,1,175,False
TXN0950,412,Coimbatore,1,8,2,1536,False
TXN0951,112924,Hyderabad,1,0,9,17,True
TXN0952,13786,Coimbatore,0,10,1,1118,False
TXN0953,56560,Hyderabad,1,3,10,99,True
TXN0954,11308,Chennai,0,17,2,1665,False
TXN0955,5596,Salem,0,10,3,389,False
TXN0956,78487,Mumbai,1,4,7,61,True
TXN0957,766,Coimbatore,0,10,4,1692,False
TXN0958,93827,Mumbai,1,0,5,5,True
TXN0959,11679,Coimbatore,0,20,4,1517,False
TXN0960,10582,Coimbatore,0,21,4,589,False
TXN0961,716,Madurai,0,22,1,1384,False
TXN0962,174,Chennai,0,13,1,1185,False
TXN0963,14234,Chennai,0,21,2,666,False
TXN0964,134413,Hyderabad,1,1,15,65,True
TXN0965,117836,Bangalore,1,0,5,87,True
TXN0966,7221,Chennai,0,17,4,188,False
TXN0967,8904,Chennai,0,12,1,1093,False
TXN0968,60841,Bangalore,1,3,14,79,True
TXN0969,12340,Coimbatore,0,14,1,767,False
TXN0970,126698,Mumbai,1,3,8,53,True
TXN0971,106689,Mumbai,1,3,5,60,True
TXN0972,10084,Coimbatore,1,12,4,864,False
TXN0973,3281,Coimbatore,0,15,2,787,False
TXN0974,104536,Delhi,1,0,9,22,True
TXN0975,7613,Madurai,1,12,3,550,False
TXN0976,13035,Salem,0,14,1,943,False
TXN0977,3646,Salem,1,21,3,129,False
TXN0978,4141,Coimbatore,0,17,4,1286,False
TXN0979,9795,Chennai,0,7,4,190,False
TXN0980,12117,Chennai,0,20,4,1081,False
TXN0981,4040,Coimbatore,0,7,4,546,False
TXN0982,4016,Madurai,0,7,4,1470,False
TXN0983,90199,Hyderabad,1,4,14,8,True
TXN0984,2371,Salem,1,12,3,1383,False
TXN0985,122,Chennai,0,19,3,1187,False
TXN0986,12435,Madurai,0,13,1,1370,False
TXN0987,998,Madurai,0,8,1,884,False
TXN0988,769,Chennai,0,18,2,1427,False
TXN0989,12774,Chennai,0,11,3,588,False
TXN0990,12181,Madurai,0,14,3,822,False
TXN0991,7029,Madurai,0,8,1,863,False
TXN0992,8315,Madurai,0,22,3,1025,False
TXN0993,11457,Chennai,0,13,4,278,False
TXN0994,3029,Madurai,0,9,1,437,False
TXN0995,49392,Delhi,1,3,7,31,True
TXN0996,11280,Salem,0,22,3,960,False
TXN0997,451,Coimbatore,0,13,1,145,False
TXN0998,8613,Madurai,0,20,3,1442,False
TXN0999,11009,Coimbatore,1,21,3,1261,False
TXN1000,5121,Madurai,0,15,2,1091,False
